{
    "decision_tree_accuracy": 0.8115942028985508,
    "decision_tree_precision": 0.8587319243604005,
    "decision_tree_recall": 0.7458937198067633,
    "decision_tree_auc": 0.874550631286611
}
