{
    "knn": {
        "accuracy": 0.7420289855072464,
        "precision": 0.7922987164527421,
        "recall": 0.6560386473429952,
        "auc": 0.8066274592172513
    },
    "svc": {
        "accuracy": 0.8193236714975846,
        "precision": 0.8275520317145689,
        "recall": 0.8067632850241546,
        "auc": 0.8193236714975846
    },
    "logistic_regression": {
        "accuracy": 0.782608695652174,
        "precision": 0.7568042142230026,
        "recall": 0.8328502415458937,
        "auc": 0.8679675138276274
    },
    "random_forest": {
        "accuracy": 0.8507246376811595,
        "precision": 0.8954248366013072,
        "recall": 0.7942028985507247,
        "auc": 0.9324567667856892
    },
    "decision_tree": {
        "accuracy": 0.8120772946859903,
        "precision": 0.8557268722466961,
        "recall": 0.7507246376811594,
        "auc": 0.8742803799388551
    }
}